model,target,metric,value
logistic_regression,overall,accuracy,0.7948717948717948
logistic_regression,overall,macro_f1,0.7943309162821358
logistic_regression,benign,precision,0.7837837837837838
logistic_regression,benign,recall,0.7837837837837838
logistic_regression,benign,f1-score,0.7837837837837838
logistic_regression,benign,support,37.0
logistic_regression,malicious,precision,0.8048780487804879
logistic_regression,malicious,recall,0.8048780487804879
logistic_regression,malicious,f1-score,0.8048780487804879
logistic_regression,malicious,support,41.0
random_forest,overall,accuracy,0.9358974358974359
random_forest,overall,macro_f1,0.9358024691358025
random_forest,benign,precision,0.9210526315789473
random_forest,benign,recall,0.9459459459459459
random_forest,benign,f1-score,0.9333333333333333
random_forest,benign,support,37.0
random_forest,malicious,precision,0.95
random_forest,malicious,recall,0.926829268292683
random_forest,malicious,f1-score,0.9382716049382716
random_forest,malicious,support,41.0
