model,sample_id,class_label,prediction,prob_malicious
logistic_regression,pb-c5449aa142521bfa,benign,malicious,0.805661
logistic_regression,mb-3abe643e901859b9,malicious,malicious,0.821737
logistic_regression,mb-a52d2105d680d029,malicious,malicious,0.91607
logistic_regression,mb-aea84ebd9c1194ef,malicious,malicious,0.914442
logistic_regression,pb-64add70518a4df56,benign,benign,0.198523
logistic_regression,mb-3504d9f2a2fdf021,malicious,malicious,0.885431
logistic_regression,mb-8beae1f6b21cec17,malicious,malicious,0.80805
logistic_regression,mb-f4d7e9ec4eda034c,malicious,malicious,0.911524
logistic_regression,mb-047e3ecdb04d695b,malicious,malicious,0.698977
logistic_regression,mb-36ef3a11514f39f0,malicious,benign,0.242323
logistic_regression,pb-c074faf61e908933,benign,benign,0.154163
logistic_regression,pb-1c9cf93663281863,benign,malicious,0.847236
logistic_regression,mb-9f17fc20c5c72570,malicious,malicious,0.91449
logistic_regression,mb-dbcf1e78a34e7428,malicious,malicious,0.519095
logistic_regression,mb-8b6d047c9a1985c0,malicious,benign,0.335591
logistic_regression,mb-9a1ac04b85cc6f35,malicious,malicious,0.519065
logistic_regression,mb-0a2f1bdec6df99d0,malicious,malicious,0.890345
logistic_regression,mb-8529714de7f72612,malicious,malicious,0.698433
logistic_regression,mb-c5c5a99fb79efb38,malicious,malicious,0.918586
logistic_regression,pb-f67fd4c8878bde27,benign,benign,0.259279
logistic_regression,pb-5ef8cabf4de2ef9d,benign,malicious,0.766045
logistic_regression,mb-201247484840a2db,malicious,malicious,0.889285
logistic_regression,mb-424d16cdbae8c830,malicious,benign,0.242167
logistic_regression,mb-4f181b3a42657a4c,malicious,malicious,0.915997
logistic_regression,pb-2189f6f6fb287859,benign,benign,0.086691
logistic_regression,pb-1ade5ad7a9bca951,benign,benign,0.17974
logistic_regression,pb-84d8aa09635922c8,benign,benign,0.28416
logistic_regression,pb-4e965df239af3164,benign,benign,0.026143
logistic_regression,mb-b9ddc7c5f9adbf01,malicious,benign,0.352228
logistic_regression,pb-578c7ac201b82258,benign,malicious,0.967416
logistic_regression,pb-218a5fd59815c63d,benign,benign,0.410038
logistic_regression,pb-71cad24235e1eec7,benign,malicious,0.828523
logistic_regression,fd-c909980df0b7c523,benign,benign,0.197295
logistic_regression,pb-c4c320f8acb78fa1,benign,benign,0.217688
logistic_regression,mb-6ca691c97ab0028c,malicious,malicious,0.705324
logistic_regression,fd-f7f58143fda0a667,benign,benign,0.009584
logistic_regression,mb-b7273b4a1b2d2a96,malicious,malicious,0.519095
logistic_regression,mb-5362c4101f153eed,malicious,malicious,0.827456
logistic_regression,pb-74e0413a044db2b8,benign,benign,0.002535
logistic_regression,pb-a71287d3526ae60c,benign,malicious,0.694928
logistic_regression,mb-f4ebdcef8643dbff,malicious,malicious,0.813342
logistic_regression,mb-a126d643c83163c3,malicious,malicious,0.519096
logistic_regression,mb-6d55d90d021b0980,malicious,benign,0.351696
logistic_regression,pb-e16f4afef20bd28d,benign,benign,0.145678
logistic_regression,pb-5daba76d9219ecb4,benign,benign,0.285436
logistic_regression,pb-0f840076fbfc0054,benign,benign,0.129434
logistic_regression,mb-6ec479136b4fb680,malicious,malicious,0.519095
logistic_regression,pb-120051bf6a36a7f2,benign,benign,0.170593
logistic_regression,pb-9bca8ec899b49a89,benign,benign,0.396582
logistic_regression,pb-0e1a5360344e17d3,benign,malicious,0.834616
logistic_regression,mb-4c950bb7556d287b,malicious,malicious,0.81023
logistic_regression,pb-1fe26ebcde09ff2c,benign,benign,0.115566
logistic_regression,mb-e104e343d5d6db29,malicious,malicious,0.519095
logistic_regression,pb-c7fbb7a62636fc74,benign,benign,0.029816
logistic_regression,pb-9e980a602dd38786,benign,malicious,0.672893
logistic_regression,pb-0d686dbcbca6b6f0,benign,benign,0.420272
logistic_regression,mb-454ffcf9ef438d5d,malicious,malicious,0.819215
logistic_regression,pb-0eea65d472f0567b,benign,benign,0.268973
logistic_regression,pb-8d8bb86861d9a31b,benign,benign,0.129974
logistic_regression,mb-20116083565a50f6,malicious,malicious,0.534649
logistic_regression,mb-2b332adf4e52168c,malicious,benign,0.428331
logistic_regression,pb-9b15698cca38bd41,benign,benign,0.212184
logistic_regression,mb-21a682236b420a5c,malicious,malicious,0.886478
logistic_regression,pb-dcb4eee0c66f7659,benign,benign,0.159488
logistic_regression,mb-6e0d01c4c547d235,malicious,malicious,0.730348
logistic_regression,mb-8df476be832a1204,malicious,malicious,0.918654
logistic_regression,mb-144cb58badccd0d2,malicious,malicious,0.889335
logistic_regression,mb-a78eb5e01531b42d,malicious,malicious,0.699744
logistic_regression,pb-95c3b2e8128b73b6,benign,benign,0.076855
logistic_regression,mb-e40dc70d94e13e7f,malicious,malicious,0.738886
logistic_regression,mb-bdae3cc96acd1634,malicious,benign,0.312765
logistic_regression,pb-9b04b3daaa6a1ee3,benign,benign,0.307234
logistic_regression,pb-0348da5b85c6c614,benign,benign,0.09871
logistic_regression,mb-3d4f63fc88ec8a4d,malicious,malicious,0.730045
logistic_regression,mb-f717e9449835314b,malicious,benign,0.312633
logistic_regression,pb-0dc3c4f2fabe6ee5,benign,benign,0.331404
logistic_regression,mb-3d52b5728af55c37,malicious,malicious,0.739051
logistic_regression,fd-070b707fcfb0df20,benign,benign,0.0918
random_forest,pb-c5449aa142521bfa,benign,benign,0.296667
random_forest,mb-3abe643e901859b9,malicious,malicious,0.986667
random_forest,mb-a52d2105d680d029,malicious,benign,0.41
random_forest,mb-aea84ebd9c1194ef,malicious,malicious,1.0
random_forest,pb-64add70518a4df56,benign,benign,0.106667
random_forest,mb-3504d9f2a2fdf021,malicious,malicious,0.896667
random_forest,mb-8beae1f6b21cec17,malicious,malicious,0.946667
random_forest,mb-f4d7e9ec4eda034c,malicious,malicious,0.986667
random_forest,mb-047e3ecdb04d695b,malicious,malicious,0.996667
random_forest,mb-36ef3a11514f39f0,malicious,malicious,0.953333
random_forest,pb-c074faf61e908933,benign,benign,0.0
random_forest,pb-1c9cf93663281863,benign,benign,0.416667
random_forest,mb-9f17fc20c5c72570,malicious,malicious,1.0
random_forest,mb-dbcf1e78a34e7428,malicious,malicious,1.0
random_forest,mb-8b6d047c9a1985c0,malicious,malicious,0.79
random_forest,mb-9a1ac04b85cc6f35,malicious,malicious,1.0
random_forest,mb-0a2f1bdec6df99d0,malicious,malicious,0.933333
random_forest,mb-8529714de7f72612,malicious,malicious,1.0
random_forest,mb-c5c5a99fb79efb38,malicious,malicious,1.0
random_forest,pb-f67fd4c8878bde27,benign,benign,0.153333
random_forest,pb-5ef8cabf4de2ef9d,benign,benign,0.256667
random_forest,mb-201247484840a2db,malicious,malicious,0.976667
random_forest,mb-424d16cdbae8c830,malicious,malicious,0.953333
random_forest,mb-4f181b3a42657a4c,malicious,malicious,0.98
random_forest,pb-2189f6f6fb287859,benign,benign,0.003333
random_forest,pb-1ade5ad7a9bca951,benign,benign,0.013333
random_forest,pb-84d8aa09635922c8,benign,benign,0.163333
random_forest,pb-4e965df239af3164,benign,benign,0.006667
random_forest,mb-b9ddc7c5f9adbf01,malicious,malicious,0.776667
random_forest,pb-578c7ac201b82258,benign,benign,0.203333
random_forest,pb-218a5fd59815c63d,benign,benign,0.006667
random_forest,pb-71cad24235e1eec7,benign,benign,0.336667
random_forest,fd-c909980df0b7c523,benign,benign,0.003333
random_forest,pb-c4c320f8acb78fa1,benign,benign,0.1
random_forest,mb-6ca691c97ab0028c,malicious,malicious,0.77
random_forest,fd-f7f58143fda0a667,benign,benign,0.006667
random_forest,mb-b7273b4a1b2d2a96,malicious,malicious,1.0
random_forest,mb-5362c4101f153eed,malicious,malicious,0.886667
random_forest,pb-74e0413a044db2b8,benign,benign,0.006667
random_forest,pb-a71287d3526ae60c,benign,malicious,0.71
random_forest,mb-f4ebdcef8643dbff,malicious,malicious,0.976667
random_forest,mb-a126d643c83163c3,malicious,malicious,1.0
random_forest,mb-6d55d90d021b0980,malicious,malicious,0.76
random_forest,pb-e16f4afef20bd28d,benign,benign,0.0
random_forest,pb-5daba76d9219ecb4,benign,benign,0.01
random_forest,pb-0f840076fbfc0054,benign,benign,0.0
random_forest,mb-6ec479136b4fb680,malicious,malicious,1.0
random_forest,pb-120051bf6a36a7f2,benign,benign,0.0
random_forest,pb-9bca8ec899b49a89,benign,malicious,0.58
random_forest,pb-0e1a5360344e17d3,benign,benign,0.446667
random_forest,mb-4c950bb7556d287b,malicious,malicious,0.96
random_forest,pb-1fe26ebcde09ff2c,benign,benign,0.0
random_forest,mb-e104e343d5d6db29,malicious,malicious,1.0
random_forest,pb-c7fbb7a62636fc74,benign,benign,0.006667
random_forest,pb-9e980a602dd38786,benign,benign,0.19
random_forest,pb-0d686dbcbca6b6f0,benign,benign,0.296667
random_forest,mb-454ffcf9ef438d5d,malicious,benign,0.456667
random_forest,pb-0eea65d472f0567b,benign,benign,0.003333
random_forest,pb-8d8bb86861d9a31b,benign,benign,0.0
random_forest,mb-20116083565a50f6,malicious,malicious,0.943333
random_forest,mb-2b332adf4e52168c,malicious,benign,0.24
random_forest,pb-9b15698cca38bd41,benign,benign,0.03
random_forest,mb-21a682236b420a5c,malicious,malicious,0.98
random_forest,pb-dcb4eee0c66f7659,benign,benign,0.0
random_forest,mb-6e0d01c4c547d235,malicious,malicious,1.0
random_forest,mb-8df476be832a1204,malicious,malicious,1.0
random_forest,mb-144cb58badccd0d2,malicious,malicious,0.976667
random_forest,mb-a78eb5e01531b42d,malicious,malicious,0.953333
random_forest,pb-95c3b2e8128b73b6,benign,benign,0.01
random_forest,mb-e40dc70d94e13e7f,malicious,malicious,0.99
random_forest,mb-bdae3cc96acd1634,malicious,malicious,0.986667
random_forest,pb-9b04b3daaa6a1ee3,benign,benign,0.0
random_forest,pb-0348da5b85c6c614,benign,benign,0.0
random_forest,mb-3d4f63fc88ec8a4d,malicious,malicious,1.0
random_forest,mb-f717e9449835314b,malicious,malicious,0.986667
random_forest,pb-0dc3c4f2fabe6ee5,benign,benign,0.226667
random_forest,mb-3d52b5728af55c37,malicious,malicious,0.996667
random_forest,fd-070b707fcfb0df20,benign,benign,0.0
